<?xml version="1.0" encoding="UTF-8"?>
<project-private xmlns="http://www.netbeans.org/ns/project-private/1">
    <editor-bookmarks xmlns="http://www.netbeans.org/ns/editor-bookmarks/2" lastBookmarkId="0"/>
    <open-files xmlns="http://www.netbeans.org/ns/projectui-open-files/2">
        <group>
            <file>file:/C:/Users/crist/OneDrive/Escritorio/Cuarto/todosGetAll(Rest)/src/java/org/utl/dsm/modelo/Empleado.java</file>
            <file>file:/C:/Users/crist/OneDrive/Escritorio/Cuarto/todosGetAll(Rest)/src/java/org/utl/dsm/controller/ControllerEmpleado.java</file>
            <file>file:/C:/Users/crist/OneDrive/Escritorio/Cuarto/todosGetAll(Rest)/src/java/org/utl/dsm/rest/RESTSicefaCentral.java</file>
        </group>
    </open-files>
</project-private>
